text,sentiment
"Absolutely love this product! It exceeded my expectations.",positive
"Great quality and fast shipping. Highly recommend!",positive
"Amazing customer service and great value for money.",positive
"This is the best purchase I've made this year.",positive
"Excellent product quality and very user-friendly.",positive
"Outstanding performance and great design.",positive
"Very impressed with the quality and service.",positive
"Perfect product, exactly what I needed.",positive
"Great experience overall, will buy again.",positive
"Fantastic quality and excellent value.",positive
"Poor quality product, very disappointed.",negative
"Terrible customer service and slow delivery.",negative
"Waste of money, doesn't work as advertised.",negative
"Very poor quality, broke after one use.",negative
"Horrible experience, would not recommend.",negative
"Completely useless product, total disappointment.",negative
"Bad quality control, received damaged item.",negative
"Overpriced for such poor quality.",negative
"Worst purchase ever, complete waste of money.",negative
"Terrible product, doesn't meet expectations.",negative
"It's okay, nothing special but does the job.",neutral
"Average product, meets basic requirements.",neutral
"Decent quality for the price point.",neutral
"Not bad, but could be better.",neutral
"Acceptable product, average experience.",neutral
"It's fine, does what it's supposed to do.",neutral
"Mediocre quality, nothing to write home about.",neutral
"Standard product, meets expectations.",neutral
"Average service and product quality.",neutral
"It's alright, neither good nor bad.",neutral
"Love the new features in this update!",positive
"The user interface is so much better now.",positive
"Great improvements in the latest version.",positive
"This software has really improved my workflow.",positive
"Excellent documentation and support resources.",positive
"The app crashes frequently and is very buggy.",negative
"Horrible user experience, very confusing interface.",negative
"The software is too slow and unresponsive.",negative
"Missing basic features that competitors have.",negative
"Poor integration with other tools I use.",negative
"The app works but could use some improvements.",neutral
"Interface is functional but not very intuitive.",neutral
"Does the job but lacks advanced features.",neutral
"Standard functionality, nothing remarkable.",neutral
"Average performance, meets basic needs.",neutral
"Incredible product that changed my life!",positive
"Best investment I've ever made, truly amazing.",positive
"Revolutionary product with outstanding features.",positive
"Exceptional quality and innovative design.",positive
"This product is a game-changer in its category.",positive
"Complete disaster, nothing works properly.",negative
"Absolutely terrible, worst product ever made.",negative
"Fraudulent product, nothing like advertised.",negative
"Defective product with serious safety issues.",negative
"Unacceptable quality, demand full refund.",negative
